{
  "assetsByChunkName": {
    "component---src-pages-softwarearchitecture-js": [
      "component---src-pages-softwarearchitecture-js-df20c743bc7da0f6ed16.js",
      "component---src-pages-softwarearchitecture-js-df20c743bc7da0f6ed16.js.map"
    ],
    "component---src-pages-index-js": [
      "component---src-pages-index-js-cadc5bf35ca7d4675d65.js",
      "component---src-pages-index-js-cadc5bf35ca7d4675d65.js.map"
    ],
    "component---src-pages-interimctoservices-js": [
      "component---src-pages-interimctoservices-js-4cefa83827c4e93b260f.js",
      "component---src-pages-interimctoservices-js-4cefa83827c4e93b260f.js.map"
    ],
    "path---": [
      "path----557518bd178906f8d58a.js",
      "path----557518bd178906f8d58a.js.map"
    ],
    "component---src-layouts-index-js": [
      "component---src-layouts-index-js-29b11f9b51e2a32425bf.js",
      "component---src-layouts-index-js-29b11f9b51e2a32425bf.js.map"
    ],
    "path---index": [
      "path---index-a0e39f21c11f6a62c5ab.js",
      "path---index-a0e39f21c11f6a62c5ab.js.map"
    ],
    "component---src-pages-404-js": [
      "component---src-pages-404-js-4503918ea3a16cfcdb75.js",
      "component---src-pages-404-js-4503918ea3a16cfcdb75.js.map"
    ],
    "commons": [
      "commons-b563aaf98807dad8e858.js",
      "commons-b563aaf98807dad8e858.js.map"
    ],
    "path---404-html": [
      "path---404-html-a0e39f21c11f6a62c5ab.js",
      "path---404-html-a0e39f21c11f6a62c5ab.js.map"
    ],
    "path---interimctoservices": [
      "path---interimctoservices-a0e39f21c11f6a62c5ab.js",
      "path---interimctoservices-a0e39f21c11f6a62c5ab.js.map"
    ],
    "app": [
      "app-4f1b1652a7110b6dd7e4.js",
      "build-js-styles.css",
      "app-4f1b1652a7110b6dd7e4.js.map",
      "build-js-styles.css.map"
    ],
    "path---softwarearchitecture": [
      "path---softwarearchitecture-a0e39f21c11f6a62c5ab.js",
      "path---softwarearchitecture-a0e39f21c11f6a62c5ab.js.map"
    ],
    "path---404": [
      "path---404-a0e39f21c11f6a62c5ab.js",
      "path---404-a0e39f21c11f6a62c5ab.js.map"
    ]
  }
}